rank,augmentation,macro_f1,accuracy,macro_precision,macro_recall,delta_macro_f1_vs_none
1,heavy_combo,0.7921  ±  0.0068,0.8855  ±  0.0040,0.7980,0.7890,+0.0109
2,cutout_double,0.7888  ±  0.0065,0.8835  ±  0.0031,0.7923,0.7864,+0.0075
3,regularization_light_combo,0.7878  ±  0.0075,0.8843  ±  0.0048,0.8005,0.7786,+0.0065
4,comp_3rd,0.7877  ±  0.0040,0.8835  ±  0.0028,0.7959,0.7821,+0.0064
5,comp_resnext,0.7867  ±  0.0060,0.8844  ±  0.0045,0.8033,0.7749,+0.0054
6,comp_vit,0.7866  ±  0.0109,0.8848  ±  0.0039,0.7995,0.7806,+0.0053
7,clahe_enhanced,0.7854  ±  0.0040,0.8850  ±  0.0016,0.8041,0.7718,+0.0041
8,color_light_combo,0.7843  ±  0.0036,0.8832  ±  0.0024,0.7976,0.7728,+0.0030
9,contrast_only,0.7835  ±  0.0083,0.8811  ±  0.0058,0.7929,0.7773,+0.0022
10,perspective_light,0.7830  ±  0.0087,0.8828  ±  0.0049,0.7975,0.7719,+0.0018
11,flip_only,0.7827  ±  0.0038,0.8818  ±  0.0034,0.7936,0.7746,+0.0014
12,color_only,0.7819  ±  0.0049,0.8813  ±  0.0030,0.7985,0.7688,+0.0007
13,none (baseline),0.7812  ±  0.0096,0.8800  ±  0.0063,0.7927,0.7740,---
14,blur_noise_light,0.7799  ±  0.0063,0.8814  ±  0.0034,0.7984,0.7654,-0.0013
15,rotate_only,0.7775  ±  0.0017,0.8805  ±  0.0022,0.7934,0.7674,-0.0038
