rank,model,class_weights,macro_f1,accuracy,macro_precision,macro_recall
1,vit_b_16,no,0.7803  ±  0.0105,0.8792  ±  0.0069,0.7880,0.7764
2,vit_b_16,no,0.7800  ±  0.0087,0.8797  ±  0.0061,0.7908,0.7733
3,vit_b_16,no,0.7758  ±  0.0122,0.8802  ±  0.0070,0.7936,0.7660
4,vit_b_16,no,0.7750  ±  0.0073,0.8755  ±  0.0035,0.7919,0.7705
5,vit_b_16,yes,0.7747  ±  0.0122,0.8684  ±  0.0080,0.7596,0.7930
6,vit_b_16,no,0.7739  ±  0.0061,0.8772  ±  0.0029,0.7864,0.7640
7,vit_b_16,no,0.7728  ±  0.0178,0.8744  ±  0.0081,0.7913,0.7654
8,vit_b_16,yes,0.7719  ±  0.0053,0.8654  ±  0.0024,0.7576,0.7911
9,vit_b_16,no,0.7712  ±  0.0066,0.8755  ±  0.0063,0.7818,0.7640
10,vit_b_16,no,0.7700  ±  0.0062,0.8747  ±  0.0033,0.7789,0.7620
